2025-04-20 00:05:26,Station Rabat,i1.jpg,4١914  9 15
2025-04-20 00:07:44,Station Rabat,2.jpg,أذااا . فتآزج
2025-04-20 00:14:26,Station Rabat,3.jpg,10?51_93|5:1
2025-04-21 20:21:26,Station Rabat,i1.jpg,
2025-04-21 20:32:32,Station Rabat,2.jpg,
2025-04-21 20:33:48,Station Rabat,i1.jpg,
2025-04-21 21:47:12,Station Rabat,i1.jpg,
2025-04-21 21:51:24,Station Rabat,i1.jpg,
2025-04-21 21:51:40,Station Rabat,i1.jpg,
2025-04-21 22:12:54,Station Rabat,2.jpg,
2025-04-21 22:13:12,Station Rabat,2.jpg,
2025-04-21 22:18:33,Station Rabat,i1.jpg,
2025-04-21 22:18:46,Station Rabat,i1.jpg,
2025-04-21 22:23:36,Station Casablanca,2.jpg,
2025-04-21 22:40:55,Station Casablanca,i1.jpg,
2025-04-22 12:06:11,Station Casablanca,i1.jpg,
2025-04-26 17:21:23,Station Casablanca,i1.jpg,
2025-04-26 17:24:23,Station Casablanca,3.jpg,
2025-04-26 17:27:30,Station Casablanca,5.jpg,AN-154-TS
2025-04-26 18:45:28,Station Casablanca,i1.jpg,د
2025-04-26 18:52:07,Station Casablanca,i1.jpg,7
2025-04-26 18:59:39,Station Casablanca,i1.jpg,7
2025-04-26 19:00:45,Station Casablanca,i1.jpg,د
2025-04-26 19:01:43,Station Casablanca,3.jpg,
2025-04-26 19:32:15,Station Casablanca,i1.jpg,د
2025-04-27 13:55:52,Station Casablanca,i1.jpg,د
2025-04-27 13:59:04,Station Casablanca,5.jpg,خددددددددد
2025-04-27 14:00:02,Station Casablanca,3.jpg,
2025-04-27 14:00:41,Station Casablanca,i1.jpg,د
2025-04-27 19:14:33,Station Casablanca,i1.jpg,"زناكة"" :؟"
2025-04-27 19:15:28,Station Casablanca,2.jpg,133 د١‎
2025-04-27 19:16:30,Station Casablanca,3.jpg,خا___ق
2025-04-27 19:24:17,Station Casablanca,i1.jpg,7 7 4ه
2025-04-27 19:34:33,Station Casablanca,i1.jpg,1إلاكاة 2
2025-04-27 19:39:29,Station Casablanca,i1.jpg,ا
2025-04-27 19:40:28,Station Casablanca,5.jpg,لاا36415
2025-04-29 00:40:30,Station Casablanca,i1.jpg,ا
2025-05-05 19:17:58,Station Casablanca,i1.jpg,ا
2025-05-06 14:20:57,Station Casablanca,5.jpg,لاا36415
2025-05-06 18:39:16,Station Casablanca,i1.jpg,ا
2025-05-08 16:38:38,Station Casablanca,i1.jpg,train
2025-05-08 16:58:08,Station Casablanca,2.jpg,train
2025-05-08 17:10:50,Station Casablanca,i1.jpg,train
2025-05-08 17:44:25,Station Casablanca,i1.jpg,train
2025-05-12 22:45:15,Station Casablanca,i1.jpg,train
2025-05-12 22:49:16,Station Casablanca,5.jpg,traintraintraintraintrain
2025-05-15 20:02:09,Station Casablanca,i1.jpg,
2025-05-15 20:08:08,Station Casablanca,i1.jpg,train
2025-05-15 20:11:46,Station Casablanca,i1.jpg,traintraintraintraintraintraintraintrain
2025-05-15 20:34:42,Station Casablanca,i1.jpg,4116
2025-05-15 20:44:50,Station Casablanca,i1.jpg,
2025-05-15 20:48:58,Station Casablanca,i1.jpg,"هات 19 00101 بيب  11 7
مسيم مسي ينهد 0 ا 8
ال ا حي ل لخر 1ك الو
8 بن دل ليك ا وقىي
ممم 0 ات اشر  ١ اث اع امام
٠  ا 0 - 54
 ع  0 لمر 0-3 في اعد 
مت عا اخحااء ص 1  0"
2025-05-15 20:49:23,Station Casablanca,i1.jpg,"5

0 6
2 0 0
1 1"
2025-05-18 22:43:06,Station Paris,5.jpg,AN-154-TS
